{
  "manifest": {
    "publishingInformation": {
      "locales": {
        "es-MX": {
          "summary": "Esta skill menciona datos curiosos de las aves.",
          "examplePhrases": [
            "Alexa, abre curiosidades de las aves",
            "Alexa, pide a curiosidades de las aves un dato curioso",
            "Alexa, lanza curiosidades de las aves"
          ],
          "keywords": [
            "aves",
            "curiosidades",
            "de",
            "aves",
            "pájaros",
            "curiosidades",
            "de",
            "pájaros"
          ],
          "name": "Curiosidades de aves",
          "description": "Esta skill menciona datos curiosos de las aves, simplemente di: Alexa, abre curiosidades de aves y soprendete.",
          "smallIconUri": "file://assets/images/es-MX_smallIconUri.png",
          "largeIconUri": "file://assets/images/es-MX_largeIconUri.png"
        }
      },
      "isAvailableWorldwide": true,
      "testingInstructions": "amigo tester solo de curiosidades de aves y pide un dato",
      "category": "KNOWLEDGE_AND_TRIVIA",
      "distributionCountries": []
    },
    "apis": {
      "custom": {
        "endpoint": {
          "uri": "arn:aws:lambda:us-east-1:174971854521:function:c52edfc0-458f-4f31-ab0a-81ea3c1584d5:Release_0"
        },
        "interfaces": []
      }
    },
    "privacyAndCompliance": {
      "allowsPurchases": false,
      "locales": {
        "es-MX": {}
      },
      "containsAds": false,
      "isExportCompliant": true,
      "isChildDirected": false,
      "usesPersonalInfo": false
    }
  }
}