{
  "interactionModel": {
    "languageModel": {
      "invocationName": "bit bbva",
      "intents": [
        {
          "name": "AMAZON.CancelIntent",
          "samples": []
        },
        {
          "name": "AMAZON.HelpIntent",
          "samples": []
        },
        {
          "name": "AMAZON.StopIntent",
          "samples": []
        },
        {
          "name": "HelloWorldIntent",
          "slots": [],
          "samples": [
            "Hola perro",
            "Hola mami",
            "dime hola",
            "dime hola mundo",
            "di hola",
            "say hello world",
            "que onda"
          ]
        },
        {
          "name": "AMAZON.NavigateHomeIntent",
          "samples": []
        },
        {
          "name": "PromocionesIntent",
          "slots": [],
          "samples": [
            "promociones actuales",
            "promociones vigentes",
            "que promociones hay",
            "cuales son las promociones",
            "dime las promociones",
            "promociones",
            "Dime una promocion"
          ]
        },
        {
          "name": "InfoCliIntent",
          "slots": [],
          "samples": [
            "datos del cliente",
            "dame la informaciónd el cliente",
            "dame los datos del cliente",
            "busca al cliente"
          ]
        }
      ],
      "types": []
    }
  },
  "version": "14"
}